Transaction_ID,Customer_ID,Customer_Name,Account_Type,Transaction_Amount,Transaction_Date,Transaction_Time,Sender_Country,Receiver_Country,Transaction_Type,AML_Label
TXN1079,C010,Sandra Uchenna,Business,7669.57,2026-01-07,09:36:00,South Africa,Ghana,Wire Transfer,0
TXN1316,C006,Fatima Bello,Business,9772.78,2026-06-04,19:38:00,Nigeria,Iran,Wire Transfer,1
TXN1485,C002,Ngozi Eze,Business,1183.59,2026-05-14,08:39:00,Nigeria,USA,Wire Transfer,0
TXN1396,C003,Mohammed Al-Rashid,Personal,20589.07,2026-01-02,13:01:00,Nigeria,Iran,Wire Transfer,1
TXN1167,C004,Chidinma Obi,Business,2337.65,2026-05-12,03:22:00,South Africa,USA,Mobile Money,0
TXN1493,C002,Ngozi Eze,Business,2301.13,2026-04-06,10:11:00,Nigeria,UK,Mobile Money,1
TXN1063,C007,Tunde Adeleke,Personal,4191.87,2026-02-26,05:51:00,Nigeria,USA,Cash Deposit,0
TXN1185,C002,Ngozi Eze,Business,2344.76,2026-03-26,03:35:00,Ghana,Kenya,Wire Transfer,0
TXN1084,C010,Sandra Uchenna,Business,5000.0,2026-03-10,10:54:00,Kenya,Unknown,Wire Transfer,1
TXN1124,C004,Chidinma Obi,Business,10000.0,2026-06-11,21:58:00,USA,Nigeria,Cash Deposit,1
TXN1073,C002,Ngozi Eze,Business,1535.66,2026-06-14,13:08:00,Kenya,UK,Mobile Money,0
TXN1284,C001,Adewale Okafor,Personal,7123.43,2026-04-18,19:49:00,Ghana,Ghana,Wire Transfer,0
TXN1131,C004,Chidinma Obi,Business,7942.27,2026-04-08,18:22:00,Kenya,Nigeria,POS Transfer,0
TXN1068,C006,Fatima Bello,Business,9824.56,2026-05-19,14:26:00,Nigeria,UAE,Wire Transfer,1
TXN1070,C009,Ibrahim Musa,Personal,14873.97,2026-05-20,19:57:00,Nigeria,Russia,Wire Transfer,1
TXN1472,C010,Sandra Uchenna,Business,1636.9,2026-05-29,19:04:00,Nigeria,UK,Mobile Money,0
TXN1247,C007,Tunde Adeleke,Personal,15000.0,2026-06-07,23:53:00,UAE,South Africa,Cash Deposit,1
TXN1030,C002,Ngozi Eze,Business,1788.6,2026-03-02,05:26:00,South Africa,Nigeria,Cash Deposit,0
TXN1009,C009,Ibrahim Musa,Personal,9988.53,2026-03-04,05:29:00,Nigeria,North Korea,Wire Transfer,1
TXN1055,C002,Ngozi Eze,Business,1084.54,2026-03-26,19:20:00,Kenya,USA,Mobile Money,0
TXN1321,C005,Emeka Nwosu,Personal,25197.97,2026-01-27,04:05:00,Nigeria,Russia,Wire Transfer,1
TXN1406,C009,Ibrahim Musa,Personal,6450.78,2026-05-21,07:06:00,Ghana,Nigeria,Wire Transfer,0
TXN1475,C005,Emeka Nwosu,Personal,3967.66,2026-02-23,05:36:00,Nigeria,Ghana,POS Transfer,0
TXN1400,C007,Tunde Adeleke,Personal,15000.0,2026-02-03,07:18:00,South Africa,UK,Cash Deposit,1
TXN1172,C010,Sandra Uchenna,Business,1009.87,2026-04-14,22:40:00,Nigeria,Kenya,Cash Deposit,0
TXN1376,C006,Fatima Bello,Business,2060.52,2026-02-05,07:17:00,Kenya,Nigeria,Mobile Money,0
TXN1482,C002,Ngozi Eze,Business,3064.02,2026-04-04,22:41:00,Kenya,USA,Wire Transfer,0
TXN1268,C007,Tunde Adeleke,Personal,853.54,2026-05-12,10:05:00,Ghana,UK,Mobile Money,0
TXN1140,C002,Ngozi Eze,Business,5228.99,2026-06-12,14:58:00,Nigeria,Ghana,Wire Transfer,0
TXN1229,C002,Ngozi Eze,Business,2268.16,2026-03-06,06:40:00,Kenya,USA,Wire Transfer,0
TXN1449,C001,Adewale Okafor,Personal,3238.95,2026-02-14,08:25:00,Nigeria,USA,POS Transfer,1
TXN1180,C002,Ngozi Eze,Business,9579.75,2026-06-07,19:32:00,Nigeria,Iran,Wire Transfer,1
TXN1072,C010,Sandra Uchenna,Business,9563.83,2026-05-17,00:58:00,Nigeria,Iran,Wire Transfer,1
TXN1275,C001,Adewale Okafor,Personal,1283.83,2026-05-21,16:12:00,Kenya,USA,POS Transfer,0
TXN1231,C001,Adewale Okafor,Personal,2190.78,2026-01-21,01:41:00,Ghana,USA,POS Transfer,0
TXN1208,C001,Adewale Okafor,Personal,9814.59,2026-03-22,09:32:00,Nigeria,Russia,Wire Transfer,1
TXN1320,C007,Tunde Adeleke,Personal,4743.32,2026-03-23,11:06:00,Nigeria,UK,Mobile Money,1
TXN1259,C009,Ibrahim Musa,Personal,5000.0,2026-03-11,17:44:00,UAE,USA,Wire Transfer,1
TXN1153,C006,Fatima Bello,Business,3309.43,2026-06-05,04:04:00,Nigeria,UAE,Mobile Money,1
TXN1450,C001,Adewale Okafor,Personal,38558.74,2026-04-12,10:44:00,Nigeria,Myanmar,Wire Transfer,1
TXN1234,C004,Chidinma Obi,Business,50000.0,2026-03-29,19:09:00,Kenya,USA,Cash Deposit,1
TXN1423,C006,Fatima Bello,Business,5380.23,2026-02-04,05:46:00,South Africa,Kenya,Cash Deposit,0
TXN1002,C009,Ibrahim Musa,Personal,3414.21,2026-02-20,22:41:00,South Africa,USA,Mobile Money,0
TXN1403,C004,Chidinma Obi,Business,5000.0,2026-04-26,09:29:00,Nigeria,Ghana,Cash Deposit,1
TXN1301,C010,Sandra Uchenna,Business,5510.29,2026-03-04,15:35:00,Kenya,UK,POS Transfer,0
TXN1415,C001,Adewale Okafor,Personal,7996.89,2026-05-01,16:22:00,Ghana,Nigeria,Cash Deposit,0
TXN1324,C007,Tunde Adeleke,Personal,20000.0,2026-02-13,04:17:00,Ghana,Nigeria,Wire Transfer,1
TXN1367,C003,Mohammed Al-Rashid,Personal,2264.75,2026-03-19,05:55:00,Kenya,Kenya,Wire Transfer,0
TXN1250,C005,Emeka Nwosu,Personal,4709.83,2026-05-29,18:14:00,Ghana,USA,POS Transfer,0
TXN1117,C010,Sandra Uchenna,Business,3627.72,2026-05-29,21:31:00,South Africa,Kenya,Mobile Money,0
TXN1076,C002,Ngozi Eze,Business,5380.23,2026-01-11,00:15:00,Nigeria,North Korea,Wire Transfer,1
TXN1491,C006,Fatima Bello,Business,4330.61,2026-03-22,13:47:00,Nigeria,Nigeria,Wire Transfer,1
TXN1211,C008,Grace Mensah,Business,2207.09,2026-05-08,11:59:00,Nigeria,UK,Wire Transfer,0
TXN1104,C008,Grace Mensah,Business,5902.82,2026-01-21,19:02:00,Kenya,Nigeria,Wire Transfer,0
TXN1033,C001,Adewale Okafor,Personal,4295.9,2026-05-30,15:32:00,Nigeria,USA,Wire Transfer,0
TXN1078,C006,Fatima Bello,Business,5775.02,2026-02-12,19:38:00,Ghana,Kenya,Wire Transfer,0
TXN1082,C001,Adewale Okafor,Personal,2961.29,2026-04-18,15:06:00,South Africa,Ghana,POS Transfer,0
TXN1469,C003,Mohammed Al-Rashid,Personal,1075.75,2026-05-23,05:18:00,Nigeria,Kenya,Cash Deposit,1
TXN1291,C004,Chidinma Obi,Business,6465.63,2026-02-27,09:54:00,Nigeria,USA,POS Transfer,0
TXN1000,C002,Ngozi Eze,Business,10000.0,2026-01-07,23:17:00,USA,Nigeria,Wire Transfer,1
TXN1209,C005,Emeka Nwosu,Personal,100000.0,2026-01-10,20:12:00,South Africa,Nigeria,Cash Deposit,1
TXN1011,C002,Ngozi Eze,Business,1779.75,2026-02-24,18:56:00,South Africa,UK,POS Transfer,0
TXN1228,C003,Mohammed Al-Rashid,Personal,9939.96,2026-03-24,22:14:00,Nigeria,Myanmar,Wire Transfer,1
TXN1447,C002,Ngozi Eze,Business,4703.15,2026-04-17,04:09:00,Nigeria,Nigeria,Wire Transfer,0
TXN1022,C009,Ibrahim Musa,Personal,9671.02,2026-02-21,22:19:00,Nigeria,Myanmar,Wire Transfer,1
TXN1492,C003,Mohammed Al-Rashid,Personal,9437.28,2026-06-15,05:21:00,Nigeria,Myanmar,Wire Transfer,1
TXN1077,C004,Chidinma Obi,Business,4764.91,2026-02-02,15:42:00,Nigeria,UK,Mobile Money,1
TXN1093,C005,Emeka Nwosu,Personal,10000.0,2026-01-12,01:35:00,USA,South Africa,Cash Deposit,1
TXN1169,C003,Mohammed Al-Rashid,Personal,2738.23,2026-03-07,09:20:00,Nigeria,UK,Cash Deposit,1
TXN1496,C006,Fatima Bello,Business,6724.44,2026-06-06,00:55:00,Ghana,UK,POS Transfer,0
TXN1132,C005,Emeka Nwosu,Personal,5982.88,2026-01-03,18:55:00,Nigeria,USA,POS Transfer,0
TXN1018,C003,Mohammed Al-Rashid,Personal,7387.23,2026-04-06,05:34:00,Nigeria,USA,Mobile Money,0
TXN1338,C005,Emeka Nwosu,Personal,5868.19,2026-04-17,02:07:00,Kenya,Kenya,Mobile Money,0
TXN1154,C007,Tunde Adeleke,Personal,4882.87,2026-06-02,16:18:00,Nigeria,Nigeria,Cash Deposit,0
TXN1410,C008,Grace Mensah,Business,5380.23,2026-01-08,12:43:00,Ghana,Kenya,Mobile Money,0
TXN1090,C005,Emeka Nwosu,Personal,1366.63,2026-03-20,08:14:00,Nigeria,Nigeria,Cash Deposit,1
TXN1039,C006,Fatima Bello,Business,5657.97,2026-03-14,05:28:00,Nigeria,USA,Mobile Money,0
TXN1494,C007,Tunde Adeleke,Personal,1417.55,2026-05-03,13:41:00,Ghana,Nigeria,Cash Deposit,0
TXN1046,C004,Chidinma Obi,Business,9559.32,2026-03-05,21:06:00,Nigeria,Russia,Wire Transfer,1
TXN1394,C005,Emeka Nwosu,Personal,3014.46,2026-03-25,02:35:00,Kenya,USA,Mobile Money,0
TXN1194,C010,Sandra Uchenna,Business,7005.52,2026-02-05,08:03:00,Nigeria,USA,Wire Transfer,0
TXN1356,C001,Adewale Okafor,Personal,787.17,2026-04-26,08:22:00,Nigeria,Ghana,Cash Deposit,0
TXN1278,C005,Emeka Nwosu,Personal,457.79,2026-01-01,23:13:00,Kenya,Nigeria,Wire Transfer,0
TXN1280,C008,Grace Mensah,Business,5328.16,2026-04-07,12:05:00,Ghana,Kenya,Wire Transfer,0
TXN1181,C008,Grace Mensah,Business,9475.15,2026-05-27,20:12:00,Nigeria,North Korea,Wire Transfer,1
TXN1272,C006,Fatima Bello,Business,3877.64,2026-06-07,07:14:00,South Africa,USA,Mobile Money,0
TXN1439,C007,Tunde Adeleke,Personal,9435.34,2026-04-05,05:28:00,Nigeria,UAE,Wire Transfer,1
TXN1176,C003,Mohammed Al-Rashid,Personal,10000.0,2026-03-02,03:09:00,UAE,Ghana,Wire Transfer,1
TXN1069,C010,Sandra Uchenna,Business,7547.66,2026-01-06,18:24:00,Kenya,UK,POS Transfer,0
TXN1457,C010,Sandra Uchenna,Business,4455.54,2026-04-25,05:55:00,Kenya,Ghana,Mobile Money,0
TXN1297,C005,Emeka Nwosu,Personal,2536.54,2026-04-08,14:34:00,Kenya,USA,POS Transfer,0
TXN1416,C004,Chidinma Obi,Business,5922.78,2026-03-10,17:52:00,Ghana,USA,POS Transfer,0
TXN1101,C005,Emeka Nwosu,Personal,1662.77,2026-06-10,18:42:00,Nigeria,USA,Cash Deposit,0
TXN1487,C009,Ibrahim Musa,Personal,1366.95,2026-02-21,11:45:00,South Africa,Ghana,POS Transfer,0
TXN1204,C001,Adewale Okafor,Personal,5000.0,2026-06-12,12:23:00,Kenya,South Africa,Wire Transfer,1
TXN1299,C007,Tunde Adeleke,Personal,11566.52,2026-01-12,18:55:00,Nigeria,Myanmar,Wire Transfer,1
TXN1325,C007,Tunde Adeleke,Personal,707.68,2026-03-12,13:19:00,Kenya,Ghana,POS Transfer,0
TXN1499,C009,Ibrahim Musa,Personal,3519.5,2026-05-14,22:44:00,Ghana,UK,Mobile Money,0
TXN1192,C008,Grace Mensah,Business,100000.0,2026-03-01,17:15:00,South Africa,UK,Wire Transfer,1
TXN1314,C003,Mohammed Al-Rashid,Personal,3174.34,2026-05-25,07:36:00,Kenya,UK,Cash Deposit,0
TXN1182,C001,Adewale Okafor,Personal,2813.16,2026-04-26,03:51:00,Nigeria,USA,Cash Deposit,0
TXN1397,C006,Fatima Bello,Business,5845.0,2026-01-01,21:24:00,Nigeria,Ghana,Cash Deposit,0
TXN1347,C005,Emeka Nwosu,Personal,2574.17,2026-06-07,18:05:00,Ghana,Kenya,Wire Transfer,0
TXN1137,C005,Emeka Nwosu,Personal,1211.98,2026-03-28,03:29:00,Ghana,UK,Mobile Money,0
TXN1486,C005,Emeka Nwosu,Personal,13988.72,2026-01-30,03:31:00,Nigeria,Myanmar,Wire Transfer,1
TXN1451,C006,Fatima Bello,Business,2556.5,2026-01-06,10:52:00,South Africa,Nigeria,Cash Deposit,0
TXN1411,C008,Grace Mensah,Business,2041.7,2026-02-08,01:39:00,Kenya,UK,POS Transfer,0
TXN1438,C005,Emeka Nwosu,Personal,2193.53,2026-04-12,15:31:00,South Africa,Ghana,Mobile Money,0
TXN1351,C001,Adewale Okafor,Personal,7714.25,2026-05-05,04:12:00,South Africa,UK,POS Transfer,0
TXN1086,C003,Mohammed Al-Rashid,Personal,2788.68,2026-05-05,06:22:00,Kenya,USA,Wire Transfer,0
TXN1075,C008,Grace Mensah,Business,9942.4,2026-01-05,23:34:00,Nigeria,Ghana,Wire Transfer,1
TXN1461,C005,Emeka Nwosu,Personal,5177.65,2026-06-05,09:45:00,South Africa,UK,Mobile Money,0
TXN1015,C009,Ibrahim Musa,Personal,4481.55,2026-01-03,21:46:00,Nigeria,South Africa,Mobile Money,1
TXN1274,C009,Ibrahim Musa,Personal,9916.33,2026-04-25,16:45:00,Nigeria,Iran,Wire Transfer,1
TXN1462,C008,Grace Mensah,Business,25000.0,2026-03-06,06:29:00,South Africa,UAE,Cash Deposit,1
TXN1391,C001,Adewale Okafor,Personal,1873.67,2026-05-22,22:47:00,Ghana,UK,Mobile Money,0
TXN1019,C008,Grace Mensah,Business,9984.34,2026-01-05,03:59:00,Nigeria,Myanmar,Wire Transfer,1
TXN1333,C007,Tunde Adeleke,Personal,3266.36,2026-01-19,14:38:00,South Africa,USA,Wire Transfer,0
TXN1336,C001,Adewale Okafor,Personal,4198.5,2026-01-26,08:14:00,Ghana,UK,Mobile Money,0
TXN1056,C007,Tunde Adeleke,Personal,10000.0,2026-03-25,12:44:00,Ghana,UK,Cash Deposit,1
TXN1444,C003,Mohammed Al-Rashid,Personal,6920.42,2026-02-12,06:51:00,Nigeria,Iran,Wire Transfer,1
TXN1498,C009,Ibrahim Musa,Personal,48009.26,2026-05-28,23:36:00,Nigeria,Myanmar,Wire Transfer,1
TXN1237,C007,Tunde Adeleke,Personal,9577.11,2026-03-05,05:52:00,Nigeria,Myanmar,Wire Transfer,1
TXN1335,C010,Sandra Uchenna,Business,3256.98,2026-01-12,18:41:00,Kenya,UK,Wire Transfer,0
TXN1383,C003,Mohammed Al-Rashid,Personal,6129.47,2026-05-18,10:25:00,Nigeria,Kenya,POS Transfer,0
TXN1483,C010,Sandra Uchenna,Business,255.96,2026-01-13,21:06:00,Nigeria,UK,POS Transfer,0
TXN1429,C007,Tunde Adeleke,Personal,5380.23,2026-04-23,23:26:00,South Africa,UK,Mobile Money,0
TXN1148,C003,Mohammed Al-Rashid,Personal,9014.71,2026-01-29,21:55:00,Nigeria,Ghana,Wire Transfer,1
TXN1025,C002,Ngozi Eze,Business,1792.47,2026-05-12,07:17:00,Ghana,USA,POS Transfer,0
TXN1255,C004,Chidinma Obi,Business,15000.0,2026-03-05,08:35:00,South Africa,Kenya,Wire Transfer,1
TXN1042,C009,Ibrahim Musa,Personal,501.31,2026-05-06,08:57:00,South Africa,Kenya,Wire Transfer,0
TXN1392,C005,Emeka Nwosu,Personal,3529.97,2026-01-20,18:23:00,Nigeria,Nigeria,Cash Deposit,1
TXN1195,C005,Emeka Nwosu,Personal,4155.49,2026-01-22,05:17:00,South Africa,Nigeria,Cash Deposit,0
TXN1281,C003,Mohammed Al-Rashid,Personal,4904.26,2026-05-18,12:33:00,Nigeria,South Africa,Wire Transfer,1
TXN1126,C001,Adewale Okafor,Personal,9430.26,2026-03-25,01:18:00,Nigeria,North Korea,Wire Transfer,1
TXN1495,C002,Ngozi Eze,Business,5459.31,2026-04-17,18:30:00,Ghana,USA,POS Transfer,0
TXN1031,C007,Tunde Adeleke,Personal,6302.52,2026-01-01,12:16:00,Kenya,UK,POS Transfer,0
TXN1113,C009,Ibrahim Musa,Personal,7312.15,2026-04-15,02:14:00,South Africa,Nigeria,Cash Deposit,0
TXN1352,C007,Tunde Adeleke,Personal,638.87,2026-04-24,15:10:00,Nigeria,South Africa,Cash Deposit,1
TXN1210,C005,Emeka Nwosu,Personal,5972.13,2026-02-01,11:27:00,South Africa,Kenya,Cash Deposit,0
TXN1307,C009,Ibrahim Musa,Personal,5424.86,2026-03-15,00:32:00,Ghana,Nigeria,Wire Transfer,0
TXN1057,C003,Mohammed Al-Rashid,Personal,6686.43,2026-06-07,18:19:00,Kenya,Kenya,Cash Deposit,0
TXN1362,C002,Ngozi Eze,Business,15000.0,2026-04-14,16:47:00,UK,UK,Cash Deposit,1
TXN1024,C010,Sandra Uchenna,Business,565.1,2026-02-26,00:04:00,Nigeria,Nigeria,Mobile Money,0
TXN1017,C009,Ibrahim Musa,Personal,3313.85,2026-02-15,16:58:00,Nigeria,South Africa,Cash Deposit,1
TXN1249,C007,Tunde Adeleke,Personal,6989.58,2026-05-30,09:50:00,Nigeria,USA,POS Transfer,0
TXN1066,C004,Chidinma Obi,Business,1952.5,2026-03-12,14:04:00,Kenya,Kenya,Wire Transfer,0
TXN1248,C010,Sandra Uchenna,Business,9327.93,2026-03-18,15:52:00,Nigeria,Ghana,Wire Transfer,1
TXN1155,C007,Tunde Adeleke,Personal,9453.05,2026-04-26,07:26:00,Nigeria,Russia,Wire Transfer,1
TXN1094,C002,Ngozi Eze,Business,3579.7,2026-01-04,18:18:00,Ghana,Nigeria,Mobile Money,0
TXN1245,C009,Ibrahim Musa,Personal,1998.68,2026-01-11,01:02:00,Nigeria,UK,POS Transfer,1
TXN1432,C007,Tunde Adeleke,Personal,7195.18,2026-02-11,23:04:00,Nigeria,Kenya,POS Transfer,0
TXN1023,C008,Grace Mensah,Business,5000.0,2026-05-13,14:07:00,Kenya,Nigeria,Wire Transfer,1
TXN1317,C005,Emeka Nwosu,Personal,9940.2,2026-04-26,15:14:00,Nigeria,Russia,Wire Transfer,1
TXN1479,C002,Ngozi Eze,Business,4210.28,2026-01-12,09:18:00,Kenya,UK,Cash Deposit,0
TXN1323,C005,Emeka Nwosu,Personal,4555.11,2026-04-16,12:49:00,Nigeria,Ghana,Cash Deposit,1
TXN1005,C001,Adewale Okafor,Personal,5380.23,2026-04-28,17:07:00,Kenya,USA,Mobile Money,0
TXN1116,C002,Ngozi Eze,Business,4111.13,2026-03-12,13:21:00,Nigeria,Kenya,Mobile Money,0
TXN1045,C006,Fatima Bello,Business,430.45,2026-05-30,17:09:00,Kenya,Nigeria,Mobile Money,0
TXN1016,C006,Fatima Bello,Business,514.6,2026-01-29,09:27:00,Nigeria,USA,Mobile Money,1
TXN1470,C006,Fatima Bello,Business,44214.45,2026-01-23,07:22:00,Nigeria,Russia,Wire Transfer,1
TXN1361,C007,Tunde Adeleke,Personal,5059.72,2026-05-06,04:36:00,South Africa,UK,Wire Transfer,0
TXN1003,C001,Adewale Okafor,Personal,9155.32,2026-02-10,22:27:00,Nigeria,Myanmar,Wire Transfer,1
TXN1360,C001,Adewale Okafor,Personal,1148.26,2026-03-12,20:08:00,Ghana,Kenya,Cash Deposit,0
TXN1420,C009,Ibrahim Musa,Personal,1691.57,2026-05-03,00:21:00,Ghana,Kenya,Cash Deposit,0
TXN1060,C005,Emeka Nwosu,Personal,9242.39,2026-02-27,06:09:00,Nigeria,UAE,Wire Transfer,1
TXN1110,C009,Ibrahim Musa,Personal,3364.66,2026-01-01,21:55:00,Ghana,USA,Mobile Money,0
TXN1322,C002,Ngozi Eze,Business,4815.7,2026-01-07,02:22:00,Kenya,UK,Wire Transfer,0
TXN1266,C002,Ngozi Eze,Business,2132.39,2026-03-26,05:46:00,Ghana,Nigeria,Mobile Money,0
TXN1029,C003,Mohammed Al-Rashid,Personal,695.54,2026-03-13,14:15:00,Nigeria,Nigeria,Wire Transfer,0
TXN1480,C006,Fatima Bello,Business,47663.8,2026-05-06,11:48:00,Nigeria,Russia,Wire Transfer,1
TXN1173,C010,Sandra Uchenna,Business,9436.28,2026-04-28,22:58:00,Nigeria,Iran,Wire Transfer,1
TXN1026,C004,Chidinma Obi,Business,3465.42,2026-05-02,13:12:00,Nigeria,Kenya,POS Transfer,1
TXN1007,C002,Ngozi Eze,Business,50000.0,2026-03-01,03:24:00,South Africa,Kenya,Wire Transfer,1
TXN1460,C001,Adewale Okafor,Personal,41038.92,2026-05-02,04:41:00,Nigeria,North Korea,Wire Transfer,1
TXN1108,C006,Fatima Bello,Business,20000.0,2026-04-16,22:31:00,South Africa,South Africa,Wire Transfer,1
TXN1037,C008,Grace Mensah,Business,7987.79,2026-03-22,02:00:00,Nigeria,Nigeria,Cash Deposit,0
TXN1157,C002,Ngozi Eze,Business,3824.58,2026-01-22,02:27:00,Nigeria,South Africa,Cash Deposit,1
TXN1474,C003,Mohammed Al-Rashid,Personal,1496.91,2026-01-21,15:21:00,Nigeria,Nigeria,POS Transfer,0
TXN1118,C009,Ibrahim Musa,Personal,6969.85,2026-05-20,12:29:00,Ghana,USA,POS Transfer,0
TXN1114,C008,Grace Mensah,Business,100000.0,2026-03-16,16:45:00,UK,UK,Wire Transfer,1
TXN1175,C006,Fatima Bello,Business,4291.78,2026-02-13,02:32:00,Ghana,Kenya,Mobile Money,0
TXN1265,C008,Grace Mensah,Business,7514.63,2026-06-14,17:33:00,South Africa,Kenya,Cash Deposit,0
TXN1414,C007,Tunde Adeleke,Personal,10000.0,2026-03-11,05:01:00,Nigeria,South Africa,Cash Deposit,1
TXN1144,C008,Grace Mensah,Business,3001.95,2026-03-02,11:06:00,Kenya,Nigeria,POS Transfer,0
TXN1374,C006,Fatima Bello,Business,2352.69,2026-02-24,20:47:00,Nigeria,USA,POS Transfer,1
TXN1440,C004,Chidinma Obi,Business,3634.12,2026-03-10,18:03:00,Nigeria,Nigeria,Wire Transfer,1
TXN1203,C009,Ibrahim Musa,Personal,6312.66,2026-04-03,02:33:00,Nigeria,UK,POS Transfer,0
TXN1222,C009,Ibrahim Musa,Personal,10000.0,2026-05-19,09:57:00,USA,USA,Wire Transfer,1
TXN1225,C002,Ngozi Eze,Business,4253.0,2026-03-21,12:45:00,South Africa,USA,Wire Transfer,0
TXN1452,C003,Mohammed Al-Rashid,Personal,2634.86,2026-03-18,23:28:00,South Africa,USA,Wire Transfer,0
TXN1141,C001,Adewale Okafor,Personal,4492.67,2026-03-19,15:07:00,Nigeria,Ghana,POS Transfer,1
TXN1370,C008,Grace Mensah,Business,9120.47,2026-01-03,00:44:00,Nigeria,Russia,Wire Transfer,1
TXN1067,C003,Mohammed Al-Rashid,Personal,5680.71,2026-02-08,07:24:00,Nigeria,UK,POS Transfer,0
TXN1218,C009,Ibrahim Musa,Personal,2071.93,2026-04-04,12:20:00,Nigeria,Nigeria,Cash Deposit,0
TXN1168,C001,Adewale Okafor,Personal,9202.38,2026-02-26,12:38:00,Nigeria,Ghana,Wire Transfer,1
TXN1123,C006,Fatima Bello,Business,6991.83,2026-06-10,22:56:00,Nigeria,USA,Wire Transfer,0
TXN1381,C001,Adewale Okafor,Personal,4058.29,2026-04-12,16:18:00,South Africa,UK,POS Transfer,0
TXN1220,C010,Sandra Uchenna,Business,1681.41,2026-03-15,22:58:00,Ghana,Nigeria,POS Transfer,0
TXN1193,C006,Fatima Bello,Business,6247.18,2026-05-27,14:29:00,South Africa,Ghana,Cash Deposit,0
TXN1271,C004,Chidinma Obi,Business,1361.76,2026-01-16,21:07:00,Kenya,Nigeria,Mobile Money,0
TXN1109,C008,Grace Mensah,Business,9969.21,2026-01-23,10:16:00,Nigeria,Russia,Wire Transfer,1
TXN1357,C010,Sandra Uchenna,Business,1411.25,2026-03-31,22:39:00,Ghana,Ghana,Cash Deposit,0
TXN1145,C005,Emeka Nwosu,Personal,824.22,2026-02-18,03:54:00,Ghana,USA,Wire Transfer,0
TXN1092,C002,Ngozi Eze,Business,9301.97,2026-02-19,09:14:00,Nigeria,North Korea,Wire Transfer,1
TXN1152,C001,Adewale Okafor,Personal,3973.12,2026-05-03,12:27:00,South Africa,Nigeria,Wire Transfer,0
TXN1227,C003,Mohammed Al-Rashid,Personal,5380.23,2026-04-21,16:58:00,Ghana,Kenya,Cash Deposit,0
TXN1238,C004,Chidinma Obi,Business,7044.7,2026-02-10,15:32:00,South Africa,Nigeria,Wire Transfer,0
TXN1083,C003,Mohammed Al-Rashid,Personal,7364.98,2026-05-14,20:17:00,South Africa,UK,POS Transfer,0
TXN1253,C001,Adewale Okafor,Personal,7985.17,2026-02-05,16:13:00,South Africa,Unknown,POS Transfer,0
TXN1165,C010,Sandra Uchenna,Business,9155.84,2026-06-02,02:56:00,Nigeria,UK,Wire Transfer,1
TXN1163,C003,Mohammed Al-Rashid,Personal,9733.56,2026-05-25,21:25:00,Nigeria,Ghana,Wire Transfer,1
TXN1199,C008,Grace Mensah,Business,250.13,2026-04-25,19:00:00,Ghana,Ghana,POS Transfer,0
TXN1340,C006,Fatima Bello,Business,1009.17,2026-01-18,09:02:00,Kenya,Nigeria,Cash Deposit,0
TXN1074,C004,Chidinma Obi,Business,3095.1,2026-04-27,10:21:00,South Africa,Kenya,Wire Transfer,0
TXN1312,C004,Chidinma Obi,Business,2241.65,2026-02-24,22:56:00,Nigeria,Kenya,Wire Transfer,0
TXN1244,C007,Tunde Adeleke,Personal,6064.22,2026-04-06,10:35:00,Ghana,USA,POS Transfer,0
TXN1477,C006,Fatima Bello,Business,1605.56,2026-01-04,10:48:00,Nigeria,Ghana,Cash Deposit,0
TXN1119,C004,Chidinma Obi,Business,5671.3,2026-04-16,01:20:00,South Africa,UK,Cash Deposit,0
TXN1456,C008,Grace Mensah,Business,5380.23,2026-05-10,12:40:00,Ghana,Kenya,POS Transfer,0
TXN1412,C009,Ibrahim Musa,Personal,10000.0,2026-05-03,01:05:00,UK,Ghana,Wire Transfer,1
TXN1262,C008,Grace Mensah,Business,5000.0,2026-02-21,09:20:00,South Africa,Nigeria,Wire Transfer,1
TXN1358,C001,Adewale Okafor,Personal,25000.0,2026-05-26,11:34:00,Ghana,Kenya,Cash Deposit,1
TXN1405,C009,Ibrahim Musa,Personal,10000.0,2026-01-13,21:19:00,Nigeria,UK,Cash Deposit,1
TXN1305,C009,Ibrahim Musa,Personal,5367.36,2026-04-27,11:03:00,South Africa,UK,Wire Transfer,0
TXN1422,C002,Ngozi Eze,Business,9100.93,2026-04-06,22:42:00,Nigeria,Myanmar,Wire Transfer,1
TXN1331,C008,Grace Mensah,Business,50000.0,2026-02-23,14:51:00,Nigeria,South Africa,Cash Deposit,1
TXN1388,C008,Grace Mensah,Business,4578.4,2026-05-11,11:03:00,Kenya,Ghana,Mobile Money,0
TXN1277,C003,Mohammed Al-Rashid,Personal,4514.5,2026-05-12,13:29:00,Kenya,Nigeria,POS Transfer,0
TXN1036,C005,Emeka Nwosu,Personal,15000.0,2026-02-22,21:45:00,UK,Ghana,Cash Deposit,1
TXN1196,C008,Grace Mensah,Business,9496.99,2026-03-31,00:26:00,Nigeria,Ghana,Wire Transfer,1
TXN1139,C006,Fatima Bello,Business,4994.42,2026-01-28,21:14:00,Kenya,USA,Cash Deposit,0
TXN1369,C002,Ngozi Eze,Business,9587.74,2026-01-01,06:30:00,Nigeria,UK,Wire Transfer,1
TXN1473,C007,Tunde Adeleke,Personal,2807.09,2026-01-14,04:08:00,South Africa,Ghana,Mobile Money,0
TXN1380,C008,Grace Mensah,Business,9259.56,2026-01-19,00:37:00,Nigeria,Ghana,Wire Transfer,1
TXN1289,C007,Tunde Adeleke,Personal,7538.53,2026-05-23,15:03:00,South Africa,USA,Mobile Money,0
TXN1059,C009,Ibrahim Musa,Personal,2341.91,2026-05-02,23:10:00,Kenya,Nigeria,Cash Deposit,0
TXN1111,C010,Sandra Uchenna,Business,1708.11,2026-05-08,20:28:00,Ghana,Kenya,POS Transfer,0
TXN1089,C010,Sandra Uchenna,Business,3461.48,2026-04-05,15:35:00,Kenya,Kenya,POS Transfer,0
TXN1296,C002,Ngozi Eze,Business,1715.65,2026-05-03,07:44:00,Ghana,USA,Mobile Money,0
TXN1006,C010,Sandra Uchenna,Business,9225.62,2026-02-19,22:04:00,Nigeria,UAE,Wire Transfer,1
TXN1365,C010,Sandra Uchenna,Business,482.43,2026-05-05,10:57:00,Nigeria,UK,Wire Transfer,0
TXN1349,C007,Tunde Adeleke,Personal,7361.37,2026-02-17,15:40:00,Ghana,USA,Cash Deposit,0
TXN1342,C004,Chidinma Obi,Business,34578.86,2026-04-14,20:11:00,Nigeria,Russia,Wire Transfer,1
TXN1158,C009,Ibrahim Musa,Personal,5393.1,2026-01-16,18:35:00,South Africa,Kenya,POS Transfer,0
TXN1150,C002,Ngozi Eze,Business,9593.07,2026-05-02,14:49:00,Nigeria,Russia,Wire Transfer,1
TXN1177,C003,Mohammed Al-Rashid,Personal,6103.03,2026-06-10,15:29:00,South Africa,USA,Mobile Money,0
TXN1399,C006,Fatima Bello,Business,4092.88,2026-04-28,23:05:00,South Africa,Nigeria,Wire Transfer,0
TXN1184,C005,Emeka Nwosu,Personal,9597.29,2026-04-10,13:49:00,Nigeria,Myanmar,Wire Transfer,1
TXN1286,C007,Tunde Adeleke,Personal,43867.86,2026-04-23,07:34:00,Nigeria,Iran,Wire Transfer,1
TXN1010,C006,Fatima Bello,Business,9312.3,2026-01-15,07:52:00,Nigeria,UAE,Wire Transfer,1
TXN1386,C003,Mohammed Al-Rashid,Personal,2223.24,2026-04-06,04:47:00,Nigeria,Nigeria,Mobile Money,0
TXN1103,C010,Sandra Uchenna,Business,2502.32,2026-03-15,14:07:00,South Africa,Kenya,POS Transfer,0
TXN1081,C006,Fatima Bello,Business,9505.45,2026-05-17,13:42:00,Nigeria,Myanmar,Wire Transfer,1
TXN1038,C009,Ibrahim Musa,Personal,9068.72,2026-03-09,04:59:00,Nigeria,Unknown,Wire Transfer,1
TXN1318,C003,Mohammed Al-Rashid,Personal,3283.77,2026-05-30,21:24:00,Nigeria,South Africa,Cash Deposit,1
TXN1198,C006,Fatima Bello,Business,100000.0,2026-02-07,04:02:00,UK,USA,Wire Transfer,1
TXN1261,C006,Fatima Bello,Business,140.93,2026-05-01,03:43:00,Ghana,UK,POS Transfer,0
TXN1146,C001,Adewale Okafor,Personal,1721.12,2026-03-27,07:08:00,Ghana,USA,Cash Deposit,0
TXN1398,C007,Tunde Adeleke,Personal,834.91,2026-05-06,01:09:00,Ghana,USA,POS Transfer,0
TXN1147,C004,Chidinma Obi,Business,122.4,2026-03-26,04:50:00,Ghana,Ghana,Mobile Money,0
TXN1310,C001,Adewale Okafor,Personal,9475.53,2026-01-24,12:24:00,Nigeria,Iran,Wire Transfer,1
TXN1290,C007,Tunde Adeleke,Personal,9753.66,2026-04-15,04:19:00,Nigeria,Russia,Wire Transfer,1
TXN1373,C003,Mohammed Al-Rashid,Personal,9643.52,2026-01-18,16:36:00,Nigeria,UAE,Wire Transfer,1
TXN1096,C010,Sandra Uchenna,Business,3940.0,2026-03-19,02:15:00,Nigeria,UAE,Cash Deposit,1
TXN1143,C008,Grace Mensah,Business,9366.82,2026-06-07,13:17:00,Nigeria,UAE,Wire Transfer,1
TXN1239,C007,Tunde Adeleke,Personal,20880.28,2026-05-10,14:15:00,Nigeria,Iran,Wire Transfer,1
TXN1478,C006,Fatima Bello,Business,5380.23,2026-03-21,04:06:00,Nigeria,North Korea,Wire Transfer,1
TXN1097,C009,Ibrahim Musa,Personal,6895.32,2026-04-08,14:58:00,South Africa,Kenya,Wire Transfer,0
TXN1354,C009,Ibrahim Musa,Personal,3988.01,2026-05-11,03:36:00,Nigeria,South Africa,Mobile Money,1
TXN1122,C008,Grace Mensah,Business,5233.71,2026-03-09,10:39:00,Kenya,USA,POS Transfer,0
TXN1183,C001,Adewale Okafor,Personal,4240.14,2026-03-05,22:28:00,Ghana,Kenya,Mobile Money,0
TXN1202,C007,Tunde Adeleke,Personal,20000.0,2026-01-01,19:22:00,Ghana,USA,Wire Transfer,1
TXN1246,C003,Mohammed Al-Rashid,Personal,9612.46,2026-06-05,16:08:00,Nigeria,North Korea,Wire Transfer,1
TXN1421,C006,Fatima Bello,Business,7346.07,2026-01-16,00:09:00,Nigeria,USA,Mobile Money,0
TXN1302,C008,Grace Mensah,Business,9139.82,2026-02-13,23:50:00,Nigeria,Russia,Wire Transfer,1
TXN1355,C009,Ibrahim Musa,Personal,7919.23,2026-01-11,23:28:00,Nigeria,Ghana,Mobile Money,0
TXN1304,C007,Tunde Adeleke,Personal,9149.52,2026-02-05,20:14:00,Nigeria,Ghana,Wire Transfer,1
TXN1434,C004,Chidinma Obi,Business,7412.03,2026-02-18,13:44:00,Kenya,Unknown,Mobile Money,0
TXN1287,C003,Mohammed Al-Rashid,Personal,5878.99,2026-05-09,09:14:00,Kenya,USA,Mobile Money,0
TXN1125,C002,Ngozi Eze,Business,1248.64,2026-06-12,22:55:00,Nigeria,Kenya,Wire Transfer,1
TXN1454,C002,Ngozi Eze,Business,6266.08,2026-03-21,22:32:00,Nigeria,Ghana,Cash Deposit,0
TXN1223,C006,Fatima Bello,Business,6357.32,2026-05-11,07:07:00,Ghana,UK,Wire Transfer,0
TXN1424,C009,Ibrahim Musa,Personal,6534.19,2026-06-07,11:14:00,South Africa,Kenya,Mobile Money,0
TXN1219,C008,Grace Mensah,Business,2168.04,2026-05-13,12:58:00,Kenya,UK,Cash Deposit,0
TXN1129,C001,Adewale Okafor,Personal,683.51,2026-04-30,09:43:00,Kenya,USA,Mobile Money,0
TXN1426,C003,Mohammed Al-Rashid,Personal,4929.91,2026-06-04,10:58:00,Nigeria,UK,Cash Deposit,0
TXN1402,C002,Ngozi Eze,Business,2580.86,2026-02-09,03:10:00,Nigeria,USA,Mobile Money,0
TXN1332,C008,Grace Mensah,Business,50000.0,2026-02-05,20:19:00,Ghana,USA,Cash Deposit,1
TXN1382,C002,Ngozi Eze,Business,2292.0,2026-06-13,17:34:00,Kenya,Nigeria,Cash Deposit,0
TXN1407,C001,Adewale Okafor,Personal,3040.69,2026-02-26,04:12:00,Nigeria,USA,Mobile Money,0
TXN1476,C007,Tunde Adeleke,Personal,9037.69,2026-04-14,13:30:00,Nigeria,North Korea,Wire Transfer,1
TXN1298,C008,Grace Mensah,Business,2629.84,2026-01-26,23:30:00,Ghana,Kenya,Mobile Money,0
TXN1294,C010,Sandra Uchenna,Business,9796.6,2026-06-04,01:55:00,Nigeria,UK,Wire Transfer,1
TXN1371,C003,Mohammed Al-Rashid,Personal,9730.03,2026-05-03,02:14:00,Nigeria,Iran,Wire Transfer,1
TXN1390,C001,Adewale Okafor,Personal,9919.31,2026-03-04,01:30:00,Nigeria,North Korea,Wire Transfer,1
TXN1112,C008,Grace Mensah,Business,1990.45,2026-02-01,00:40:00,Ghana,Kenya,Wire Transfer,0
TXN1179,C006,Fatima Bello,Business,397.1,2026-05-10,02:19:00,Kenya,Kenya,Wire Transfer,0
TXN1311,C003,Mohammed Al-Rashid,Personal,6296.57,2026-01-22,15:54:00,Nigeria,USA,Wire Transfer,0
TXN1436,C001,Adewale Okafor,Personal,5038.22,2026-04-20,02:18:00,South Africa,Unknown,Wire Transfer,0
TXN1334,C006,Fatima Bello,Business,964.02,2026-05-18,19:40:00,Ghana,Kenya,Cash Deposit,0
TXN1489,C009,Ibrahim Musa,Personal,1651.51,2026-01-20,23:46:00,Nigeria,Ghana,POS Transfer,1
TXN1364,C004,Chidinma Obi,Business,100000.0,2026-04-20,06:31:00,Kenya,Kenya,Wire Transfer,1
TXN1233,C007,Tunde Adeleke,Personal,1348.84,2026-03-18,14:04:00,South Africa,UK,POS Transfer,0
TXN1446,C009,Ibrahim Musa,Personal,4205.54,2026-04-12,17:20:00,Nigeria,USA,POS Transfer,0
TXN1164,C002,Ngozi Eze,Business,2793.08,2026-05-16,06:24:00,Kenya,Kenya,Mobile Money,0
TXN1136,C009,Ibrahim Musa,Personal,46132.2,2026-05-09,08:53:00,Nigeria,Russia,Wire Transfer,1
TXN1197,C007,Tunde Adeleke,Personal,5380.23,2026-01-21,11:14:00,Nigeria,UK,Wire Transfer,1
TXN1258,C005,Emeka Nwosu,Personal,2125.91,2026-01-21,11:59:00,South Africa,Unknown,Cash Deposit,0
TXN1232,C010,Sandra Uchenna,Business,4410.06,2026-06-13,00:31:00,Kenya,UK,Cash Deposit,0
TXN1115,C008,Grace Mensah,Business,31971.99,2026-05-22,04:24:00,Nigeria,North Korea,Wire Transfer,1
TXN1120,C008,Grace Mensah,Business,5380.23,2026-01-10,04:32:00,Nigeria,UK,Wire Transfer,0
TXN1353,C005,Emeka Nwosu,Personal,1428.85,2026-01-09,08:14:00,South Africa,USA,POS Transfer,0
TXN1224,C006,Fatima Bello,Business,7865.79,2026-05-22,18:23:00,Ghana,USA,Wire Transfer,0
TXN1408,C002,Ngozi Eze,Business,3603.11,2026-01-06,02:12:00,Ghana,Nigeria,Mobile Money,0
TXN1341,C004,Chidinma Obi,Business,30193.2,2026-05-13,05:35:00,Nigeria,Russia,Wire Transfer,1
TXN1127,C009,Ibrahim Musa,Personal,1442.87,2026-04-16,18:43:00,Nigeria,USA,POS Transfer,0
TXN1285,C002,Ngozi Eze,Business,5380.23,2026-06-02,01:28:00,Nigeria,Ghana,Wire Transfer,0
TXN1417,C006,Fatima Bello,Business,6469.06,2026-02-14,05:15:00,Kenya,USA,Wire Transfer,0
TXN1107,C008,Grace Mensah,Business,9104.5,2026-03-31,13:21:00,Nigeria,North Korea,Wire Transfer,1
TXN1375,C004,Chidinma Obi,Business,4757.63,2026-01-23,03:08:00,South Africa,Kenya,POS Transfer,0
TXN1329,C006,Fatima Bello,Business,5380.23,2026-03-16,23:44:00,Ghana,Kenya,POS Transfer,0
TXN1133,C005,Emeka Nwosu,Personal,9635.98,2026-02-28,19:51:00,Nigeria,Myanmar,Wire Transfer,1
TXN1368,C006,Fatima Bello,Business,5835.31,2026-02-12,01:25:00,Ghana,UK,Wire Transfer,0
TXN1044,C009,Ibrahim Musa,Personal,5559.06,2026-01-03,03:04:00,Ghana,USA,Wire Transfer,0
TXN1468,C006,Fatima Bello,Business,3858.31,2026-02-26,21:34:00,Kenya,USA,Mobile Money,0
TXN1065,C009,Ibrahim Musa,Personal,3655.55,2026-04-25,05:47:00,Ghana,Kenya,POS Transfer,0
TXN1283,C008,Grace Mensah,Business,44384.37,2026-03-30,04:17:00,Nigeria,Iran,Wire Transfer,1
TXN1085,C008,Grace Mensah,Business,9028.67,2026-05-26,19:42:00,Nigeria,Myanmar,Wire Transfer,1
TXN1242,C001,Adewale Okafor,Personal,2963.94,2026-04-13,01:36:00,Kenya,Nigeria,POS Transfer,0
TXN1186,C010,Sandra Uchenna,Business,5617.99,2026-02-06,11:19:00,South Africa,Ghana,Wire Transfer,0
TXN1425,C003,Mohammed Al-Rashid,Personal,7594.72,2026-02-15,23:00:00,South Africa,USA,Wire Transfer,0
TXN1159,C001,Adewale Okafor,Personal,9577.34,2026-03-15,19:19:00,Nigeria,North Korea,Wire Transfer,1
TXN1012,C003,Mohammed Al-Rashid,Personal,4357.92,2026-03-09,04:15:00,South Africa,USA,POS Transfer,0
TXN1035,C010,Sandra Uchenna,Business,3458.18,2026-06-02,01:39:00,Nigeria,UAE,Mobile Money,1
TXN1028,C006,Fatima Bello,Business,25187.61,2026-01-28,07:12:00,Nigeria,Russia,Wire Transfer,1
TXN1170,C003,Mohammed Al-Rashid,Personal,30142.56,2026-04-08,17:45:00,Nigeria,Myanmar,Wire Transfer,1
TXN1142,C008,Grace Mensah,Business,4367.52,2026-04-05,21:47:00,Ghana,UK,Wire Transfer,0
TXN1404,C010,Sandra Uchenna,Business,1271.76,2026-01-11,06:53:00,Ghana,Kenya,POS Transfer,0
TXN1346,C010,Sandra Uchenna,Business,5380.23,2026-04-11,18:07:00,Nigeria,North Korea,Wire Transfer,1
TXN1221,C003,Mohammed Al-Rashid,Personal,6779.62,2026-04-24,02:51:00,Kenya,Kenya,Wire Transfer,0
TXN1095,C008,Grace Mensah,Business,4658.47,2026-01-30,02:25:00,Nigeria,Ghana,Cash Deposit,0
TXN1051,C006,Fatima Bello,Business,50000.0,2026-03-13,02:49:00,UAE,UK,Cash Deposit,1
TXN1240,C005,Emeka Nwosu,Personal,5412.91,2026-05-07,19:56:00,Kenya,Unknown,Wire Transfer,0
TXN1377,C004,Chidinma Obi,Business,22628.8,2026-05-13,19:32:00,Nigeria,Iran,Wire Transfer,1
TXN1384,C004,Chidinma Obi,Business,1016.29,2026-01-15,07:05:00,Nigeria,Unknown,Cash Deposit,0
TXN1178,C006,Fatima Bello,Business,5087.94,2026-02-08,14:04:00,Kenya,USA,Wire Transfer,0
TXN1041,C010,Sandra Uchenna,Business,33540.71,2026-02-23,22:21:00,Nigeria,Myanmar,Wire Transfer,1
TXN1442,C009,Ibrahim Musa,Personal,18448.34,2026-05-02,18:56:00,Nigeria,Russia,Wire Transfer,1
TXN1393,C004,Chidinma Obi,Business,9460.44,2026-05-13,01:25:00,Nigeria,UAE,Wire Transfer,1
TXN1206,C006,Fatima Bello,Business,6660.03,2026-05-20,10:52:00,South Africa,UK,Cash Deposit,0
TXN1282,C001,Adewale Okafor,Personal,3450.61,2026-03-18,14:43:00,South Africa,Ghana,Cash Deposit,0
TXN1254,C006,Fatima Bello,Business,4415.56,2026-02-14,14:58:00,Kenya,USA,POS Transfer,0
TXN1418,C006,Fatima Bello,Business,1587.05,2026-05-26,18:09:00,South Africa,USA,Mobile Money,0
TXN1004,C002,Ngozi Eze,Business,9343.61,2026-01-24,12:06:00,Nigeria,Myanmar,Wire Transfer,1
TXN1256,C008,Grace Mensah,Business,7482.43,2026-03-23,15:22:00,Kenya,Kenya,Wire Transfer,0
TXN1455,C004,Chidinma Obi,Business,7352.45,2026-01-15,07:02:00,Ghana,Kenya,Mobile Money,0
TXN1100,C005,Emeka Nwosu,Personal,5653.6,2026-01-09,07:18:00,South Africa,Nigeria,Cash Deposit,0
TXN1226,C003,Mohammed Al-Rashid,Personal,5472.86,2026-03-23,20:04:00,Kenya,Ghana,Cash Deposit,0
TXN1433,C001,Adewale Okafor,Personal,3530.18,2026-04-21,20:10:00,Nigeria,Nigeria,Mobile Money,0
TXN1213,C005,Emeka Nwosu,Personal,5549.14,2026-04-25,19:45:00,Kenya,UK,Wire Transfer,0
TXN1428,C001,Adewale Okafor,Personal,2868.8,2026-03-09,06:15:00,Nigeria,Nigeria,Wire Transfer,0
TXN1171,C002,Ngozi Eze,Business,3732.06,2026-04-12,23:02:00,Nigeria,Kenya,POS Transfer,0
TXN1098,C010,Sandra Uchenna,Business,34719.27,2026-01-26,06:40:00,Nigeria,North Korea,Wire Transfer,1
TXN1292,C007,Tunde Adeleke,Personal,9254.74,2026-05-23,16:08:00,Nigeria,Myanmar,Wire Transfer,1
TXN1215,C006,Fatima Bello,Business,640.13,2026-05-12,23:43:00,Nigeria,South Africa,POS Transfer,1
TXN1061,C010,Sandra Uchenna,Business,4647.8,2026-01-19,14:26:00,South Africa,UK,POS Transfer,0
TXN1047,C010,Sandra Uchenna,Business,40994.92,2026-02-09,07:55:00,Nigeria,North Korea,Wire Transfer,1
TXN1032,C003,Mohammed Al-Rashid,Personal,4675.52,2026-02-18,09:13:00,Nigeria,Kenya,Wire Transfer,0
TXN1267,C005,Emeka Nwosu,Personal,32492.95,2026-05-26,21:48:00,Nigeria,Russia,Wire Transfer,1
TXN1327,C010,Sandra Uchenna,Business,9814.66,2026-04-08,10:28:00,Nigeria,North Korea,Wire Transfer,1
TXN1200,C002,Ngozi Eze,Business,1572.98,2026-03-15,07:19:00,Nigeria,USA,POS Transfer,1
TXN1453,C004,Chidinma Obi,Business,5953.46,2026-04-24,06:58:00,Kenya,Nigeria,Cash Deposit,0
TXN1027,C007,Tunde Adeleke,Personal,5380.23,2026-04-30,23:03:00,Nigeria,Nigeria,POS Transfer,0
TXN1395,C010,Sandra Uchenna,Business,3997.55,2026-03-04,14:23:00,Ghana,USA,Cash Deposit,0
TXN1230,C009,Ibrahim Musa,Personal,1318.13,2026-06-14,05:37:00,Kenya,USA,Wire Transfer,0
TXN1260,C004,Chidinma Obi,Business,5139.76,2026-01-13,21:57:00,Nigeria,Nigeria,POS Transfer,0
TXN1378,C004,Chidinma Obi,Business,50000.0,2026-05-07,12:07:00,UAE,Nigeria,Wire Transfer,1
TXN1288,C004,Chidinma Obi,Business,3367.13,2026-03-19,04:42:00,Kenya,Nigeria,Cash Deposit,0
TXN1162,C001,Adewale Okafor,Personal,7380.15,2026-02-16,08:44:00,Kenya,Nigeria,Cash Deposit,0
TXN1431,C002,Ngozi Eze,Business,5000.0,2026-01-09,09:01:00,Nigeria,Kenya,Wire Transfer,1
TXN1138,C002,Ngozi Eze,Business,3692.81,2026-04-12,00:16:00,Kenya,USA,POS Transfer,0
TXN1062,C004,Chidinma Obi,Business,9743.45,2026-02-07,20:44:00,Nigeria,Ghana,Wire Transfer,1
TXN1135,C003,Mohammed Al-Rashid,Personal,1487.56,2026-01-24,09:20:00,Ghana,USA,Mobile Money,0
TXN1128,C010,Sandra Uchenna,Business,1934.29,2026-03-03,15:58:00,Kenya,UK,Mobile Money,0
TXN1484,C007,Tunde Adeleke,Personal,1309.7,2026-02-01,17:16:00,Nigeria,Kenya,POS Transfer,0
TXN1008,C006,Fatima Bello,Business,50000.0,2026-04-01,06:42:00,USA,Nigeria,Wire Transfer,1
TXN1326,C010,Sandra Uchenna,Business,1870.96,2026-06-07,06:29:00,Nigeria,UK,Mobile Money,1
TXN1471,C006,Fatima Bello,Business,100000.0,2026-04-06,08:37:00,Nigeria,UK,Wire Transfer,1
TXN1064,C002,Ngozi Eze,Business,4295.94,2026-04-27,04:51:00,Kenya,UK,POS Transfer,0
TXN1300,C009,Ibrahim Musa,Personal,1304.05,2026-05-30,18:46:00,Kenya,Ghana,POS Transfer,0
TXN1014,C007,Tunde Adeleke,Personal,9995.13,2026-06-02,02:24:00,Nigeria,Myanmar,Wire Transfer,1
TXN1156,C002,Ngozi Eze,Business,3056.98,2026-03-22,13:20:00,Ghana,UK,Wire Transfer,0
TXN1040,C002,Ngozi Eze,Business,5380.23,2026-02-04,08:07:00,Ghana,Kenya,Mobile Money,0
TXN1379,C006,Fatima Bello,Business,4590.21,2026-03-23,04:24:00,Kenya,USA,Cash Deposit,0
TXN1467,C005,Emeka Nwosu,Personal,9035.28,2026-03-08,13:25:00,Nigeria,North Korea,Wire Transfer,1
TXN1409,C002,Ngozi Eze,Business,30824.79,2026-01-11,14:03:00,Nigeria,Russia,Wire Transfer,1
TXN1216,C001,Adewale Okafor,Personal,2993.99,2026-02-02,02:15:00,South Africa,USA,Wire Transfer,0
TXN1279,C002,Ngozi Eze,Business,6174.88,2026-05-01,01:18:00,South Africa,Kenya,POS Transfer,0
TXN1441,C006,Fatima Bello,Business,4473.46,2026-05-19,13:48:00,South Africa,USA,POS Transfer,0
TXN1437,C001,Adewale Okafor,Personal,5000.0,2026-02-22,05:40:00,UK,South Africa,Wire Transfer,1
TXN1337,C007,Tunde Adeleke,Personal,1290.88,2026-04-29,21:37:00,Nigeria,UK,Wire Transfer,0
TXN1236,C008,Grace Mensah,Business,9935.93,2026-03-05,04:06:00,Nigeria,UK,Wire Transfer,1
TXN1207,C003,Mohammed Al-Rashid,Personal,392.17,2026-01-17,22:49:00,Ghana,Nigeria,Cash Deposit,0
TXN1212,C007,Tunde Adeleke,Personal,5000.0,2026-06-04,05:34:00,Nigeria,Kenya,Cash Deposit,1
TXN1295,C009,Ibrahim Musa,Personal,2730.42,2026-02-25,15:13:00,Nigeria,Ghana,Cash Deposit,0
TXN1464,C005,Emeka Nwosu,Personal,9276.21,2026-01-28,15:04:00,Nigeria,Myanmar,Wire Transfer,1
TXN1251,C003,Mohammed Al-Rashid,Personal,968.17,2026-03-04,01:36:00,Nigeria,Unknown,Mobile Money,0
TXN1465,C005,Emeka Nwosu,Personal,5246.59,2026-03-08,20:45:00,Ghana,Ghana,Cash Deposit,0
TXN1303,C003,Mohammed Al-Rashid,Personal,6728.64,2026-05-19,20:03:00,Nigeria,Nigeria,Wire Transfer,0
TXN1350,C008,Grace Mensah,Business,20000.0,2026-03-15,04:11:00,UAE,Nigeria,Cash Deposit,1
TXN1269,C004,Chidinma Obi,Business,38919.05,2026-01-02,08:24:00,Nigeria,Myanmar,Wire Transfer,1
TXN1201,C002,Ngozi Eze,Business,5092.44,2026-01-29,15:38:00,Ghana,Ghana,Mobile Money,0
TXN1161,C005,Emeka Nwosu,Personal,4531.63,2026-05-27,07:51:00,Nigeria,USA,Mobile Money,0
TXN1043,C001,Adewale Okafor,Personal,1376.5,2026-03-27,04:40:00,South Africa,USA,POS Transfer,0
TXN1217,C010,Sandra Uchenna,Business,3038.91,2026-02-09,21:28:00,Nigeria,USA,Cash Deposit,0
TXN1401,C006,Fatima Bello,Business,9200.69,2026-04-26,08:14:00,Nigeria,UK,Wire Transfer,1
TXN1190,C010,Sandra Uchenna,Business,36178.05,2026-04-07,04:10:00,Nigeria,North Korea,Wire Transfer,1
TXN1309,C002,Ngozi Eze,Business,7922.84,2026-04-06,12:29:00,Ghana,Kenya,Wire Transfer,0
TXN1105,C004,Chidinma Obi,Business,5411.02,2026-05-28,18:01:00,Kenya,USA,Wire Transfer,0
TXN1053,C006,Fatima Bello,Business,1013.6,2026-03-22,13:38:00,Ghana,Kenya,Wire Transfer,0
TXN1389,C002,Ngozi Eze,Business,3833.51,2026-05-27,21:46:00,Nigeria,Nigeria,Wire Transfer,1
TXN1001,C010,Sandra Uchenna,Business,1546.97,2026-04-19,01:01:00,Nigeria,UAE,Wire Transfer,1
TXN1448,C005,Emeka Nwosu,Personal,3126.04,2026-05-18,11:56:00,South Africa,USA,POS Transfer,0
TXN1490,C005,Emeka Nwosu,Personal,1286.16,2026-03-09,14:03:00,Nigeria,Nigeria,Mobile Money,1
TXN1049,C003,Mohammed Al-Rashid,Personal,9465.98,2026-01-28,12:55:00,Nigeria,Ghana,Wire Transfer,1
TXN1419,C003,Mohammed Al-Rashid,Personal,9595.65,2026-05-06,01:05:00,Nigeria,Ghana,Wire Transfer,1
TXN1080,C010,Sandra Uchenna,Business,5380.23,2026-06-10,07:06:00,Nigeria,USA,Wire Transfer,0
TXN1205,C006,Fatima Bello,Business,6194.86,2026-03-03,23:42:00,Kenya,Ghana,Wire Transfer,0
TXN1034,C003,Mohammed Al-Rashid,Personal,1958.11,2026-01-18,19:04:00,Nigeria,USA,Cash Deposit,0
TXN1430,C009,Ibrahim Musa,Personal,6926.0,2026-04-07,03:53:00,Ghana,Ghana,POS Transfer,0
TXN1263,C009,Ibrahim Musa,Personal,1488.73,2026-01-10,05:26:00,Nigeria,UK,POS Transfer,0
TXN1427,C006,Fatima Bello,Business,1426.31,2026-01-20,07:22:00,Nigeria,Kenya,POS Transfer,0
TXN1366,C002,Ngozi Eze,Business,9948.45,2026-02-10,14:29:00,Nigeria,Ghana,Wire Transfer,1
TXN1091,C004,Chidinma Obi,Business,25000.0,2026-02-25,23:30:00,South Africa,UAE,Cash Deposit,1
TXN1339,C008,Grace Mensah,Business,5380.23,2026-02-22,16:30:00,Nigeria,Russia,Wire Transfer,1
TXN1481,C001,Adewale Okafor,Personal,1768.4,2026-02-28,07:46:00,Nigeria,USA,Cash Deposit,0
TXN1052,C001,Adewale Okafor,Personal,7870.05,2026-01-30,08:11:00,Nigeria,Nigeria,POS Transfer,0
TXN1345,C002,Ngozi Eze,Business,7730.74,2026-03-09,21:55:00,Kenya,USA,POS Transfer,0
TXN1264,C003,Mohammed Al-Rashid,Personal,25000.0,2026-03-16,01:00:00,Nigeria,Kenya,Cash Deposit,1
TXN1241,C002,Ngozi Eze,Business,15000.0,2026-04-21,04:56:00,South Africa,UK,Cash Deposit,1
TXN1013,C006,Fatima Bello,Business,6070.68,2026-02-26,04:32:00,Nigeria,Ghana,Cash Deposit,0
TXN1315,C002,Ngozi Eze,Business,9432.72,2026-05-09,23:22:00,Nigeria,Ghana,Wire Transfer,1
TXN1088,C008,Grace Mensah,Business,36130.42,2026-01-05,02:18:00,Nigeria,Myanmar,Wire Transfer,1
TXN1387,C007,Tunde Adeleke,Personal,25000.0,2026-03-11,16:04:00,USA,Nigeria,Cash Deposit,1
TXN1273,C007,Tunde Adeleke,Personal,5346.35,2026-05-21,15:48:00,Ghana,Ghana,Wire Transfer,0
TXN1166,C001,Adewale Okafor,Personal,3936.73,2026-01-21,08:28:00,South Africa,UK,Mobile Money,0
TXN1328,C005,Emeka Nwosu,Personal,5380.23,2026-03-24,19:44:00,Nigeria,Russia,Wire Transfer,1
TXN1134,C003,Mohammed Al-Rashid,Personal,411.44,2026-06-10,03:57:00,South Africa,Nigeria,Mobile Money,0
TXN1306,C001,Adewale Okafor,Personal,9524.12,2026-05-17,17:26:00,Nigeria,UAE,Wire Transfer,1
TXN1488,C006,Fatima Bello,Business,7264.35,2026-03-02,00:00:00,South Africa,Ghana,Wire Transfer,0
TXN1319,C002,Ngozi Eze,Business,9783.11,2026-01-22,08:09:00,Nigeria,North Korea,Wire Transfer,1
TXN1243,C009,Ibrahim Musa,Personal,5023.61,2026-04-26,17:17:00,Nigeria,Ghana,Wire Transfer,0
TXN1054,C007,Tunde Adeleke,Personal,5526.17,2026-01-01,16:59:00,Ghana,Kenya,POS Transfer,0
TXN1363,C010,Sandra Uchenna,Business,3721.75,2026-01-01,23:05:00,Kenya,Nigeria,POS Transfer,0
TXN1050,C008,Grace Mensah,Business,1898.0,2026-03-31,09:52:00,Nigeria,Ghana,POS Transfer,0
TXN1497,C002,Ngozi Eze,Business,9648.42,2026-04-16,14:02:00,Nigeria,Ghana,Wire Transfer,1
TXN1174,C004,Chidinma Obi,Business,3226.56,2026-04-22,18:25:00,Kenya,Kenya,Cash Deposit,0
TXN1445,C007,Tunde Adeleke,Personal,2137.3,2026-02-21,20:09:00,Nigeria,Unknown,POS Transfer,0
TXN1189,C003,Mohammed Al-Rashid,Personal,899.01,2026-02-09,02:18:00,Nigeria,Kenya,Cash Deposit,0
TXN1463,C010,Sandra Uchenna,Business,7735.24,2026-01-27,00:32:00,Kenya,USA,Mobile Money,0
TXN1187,C005,Emeka Nwosu,Personal,6524.16,2026-05-24,12:41:00,Nigeria,UK,Mobile Money,0
TXN1058,C007,Tunde Adeleke,Personal,9441.34,2026-05-29,19:41:00,Nigeria,North Korea,Wire Transfer,1
TXN1048,C007,Tunde Adeleke,Personal,6280.85,2026-01-07,05:47:00,South Africa,Ghana,Mobile Money,0
TXN1344,C002,Ngozi Eze,Business,1576.98,2026-05-28,03:51:00,Kenya,Ghana,POS Transfer,0
TXN1235,C007,Tunde Adeleke,Personal,5380.23,2026-02-03,11:32:00,South Africa,Nigeria,Mobile Money,0
TXN1252,C007,Tunde Adeleke,Personal,27581.88,2026-02-08,13:44:00,Nigeria,Russia,Wire Transfer,1
TXN1021,C003,Mohammed Al-Rashid,Personal,100000.0,2026-05-02,17:10:00,UAE,UK,Wire Transfer,1
TXN1313,C003,Mohammed Al-Rashid,Personal,5380.23,2026-03-22,00:13:00,South Africa,Nigeria,Mobile Money,0
TXN1459,C004,Chidinma Obi,Business,34321.43,2026-06-15,07:43:00,Nigeria,Iran,Wire Transfer,1
TXN1160,C003,Mohammed Al-Rashid,Personal,4304.18,2026-05-04,07:54:00,Nigeria,Kenya,Wire Transfer,1
TXN1276,C002,Ngozi Eze,Business,7201.23,2026-02-22,22:37:00,South Africa,Nigeria,POS Transfer,0
TXN1443,C001,Adewale Okafor,Personal,4614.73,2026-05-09,18:57:00,Ghana,Nigeria,POS Transfer,0
TXN1191,C008,Grace Mensah,Business,1976.49,2026-01-12,13:23:00,South Africa,USA,Mobile Money,0
TXN1385,C002,Ngozi Eze,Business,1394.28,2026-01-04,22:08:00,Kenya,USA,Mobile Money,0
TXN1293,C002,Ngozi Eze,Business,6652.31,2026-04-26,11:05:00,Nigeria,Kenya,POS Transfer,0
TXN1413,C009,Ibrahim Musa,Personal,3889.51,2026-01-05,12:50:00,South Africa,Kenya,Mobile Money,0
TXN1343,C001,Adewale Okafor,Personal,3171.8,2026-06-07,06:28:00,Ghana,Ghana,Mobile Money,0
TXN1257,C010,Sandra Uchenna,Business,6565.18,2026-05-20,12:57:00,Ghana,Kenya,Wire Transfer,0
TXN1308,C009,Ibrahim Musa,Personal,2094.1,2026-02-08,07:12:00,Kenya,Kenya,POS Transfer,0
TXN1149,C010,Sandra Uchenna,Business,10000.0,2026-03-24,00:11:00,USA,UK,Wire Transfer,1
TXN1130,C007,Tunde Adeleke,Personal,20000.0,2026-03-06,14:54:00,South Africa,UK,Wire Transfer,1
TXN1151,C009,Ibrahim Musa,Personal,7279.14,2026-02-26,19:02:00,Kenya,UK,Wire Transfer,0
TXN1359,C005,Emeka Nwosu,Personal,7211.23,2026-05-27,08:54:00,Nigeria,Ghana,POS Transfer,0
TXN1099,C004,Chidinma Obi,Business,2338.33,2026-02-14,17:04:00,Nigeria,USA,POS Transfer,1
TXN1372,C002,Ngozi Eze,Business,20000.0,2026-03-22,11:56:00,South Africa,South Africa,Wire Transfer,1
TXN1087,C009,Ibrahim Musa,Personal,3959.76,2026-02-18,02:15:00,Ghana,UK,POS Transfer,0
TXN1458,C002,Ngozi Eze,Business,9845.28,2026-03-14,00:24:00,Nigeria,Ghana,Wire Transfer,1
TXN1330,C005,Emeka Nwosu,Personal,1678.42,2026-04-11,11:07:00,Ghana,USA,Wire Transfer,0
TXN1214,C006,Fatima Bello,Business,6352.67,2026-06-07,13:17:00,Nigeria,Nigeria,POS Transfer,0
TXN1466,C001,Adewale Okafor,Personal,10000.0,2026-06-03,12:42:00,USA,Nigeria,Cash Deposit,1
TXN1121,C009,Ibrahim Musa,Personal,4419.2,2026-04-27,00:46:00,Nigeria,Ghana,Wire Transfer,1
TXN1020,C004,Chidinma Obi,Business,722.18,2026-01-15,07:56:00,South Africa,Nigeria,Cash Deposit,0
TXN1188,C001,Adewale Okafor,Personal,2799.69,2026-04-03,09:11:00,South Africa,Ghana,Cash Deposit,0
TXN1071,C008,Grace Mensah,Business,6405.32,2026-01-08,12:21:00,Ghana,UK,Cash Deposit,0
TXN1106,C003,Mohammed Al-Rashid,Personal,2297.44,2026-05-01,16:41:00,South Africa,UK,Wire Transfer,0
TXN1270,C005,Emeka Nwosu,Personal,9647.15,2026-05-30,23:36:00,Nigeria,UK,Wire Transfer,1
TXN1348,C003,Mohammed Al-Rashid,Personal,3404.09,2026-04-06,22:09:00,Ghana,USA,POS Transfer,0
TXN1435,C004,Chidinma Obi,Business,6734.85,2026-01-25,01:25:00,Ghana,Nigeria,Mobile Money,0
TXN1102,C003,Mohammed Al-Rashid,Personal,9784.7,2026-03-10,04:04:00,Nigeria,UK,Wire Transfer,1
